<?xml version="1.0" encoding="UTF-8" standalone="no"?>
<Students xmlns="https://www.w3.org/1999/xhtml">
    <Student id="1">
        <StudentID>357323</StudentID>
        <name>Rob</name>
        <age>29</age>
        <major>Computer Science</major>
        <gender>Male</gender>
    </Student>
    <Student id="2">
        <StudentID>835533</StudentID>
        <name>Emma</name>
        <age>37</age>
        <major>English</major>
        <gender>Female</gender>
    </Student>
    <Student id="3">
        <StudentID>233666</StudentID>
        <name>Sandy</name>
        <age>26</age>
        <major>Journalism</major>
        <gender>Male</gender>
    </Student>
    <Student id="4">
        <StudentID>245811</StudentID>
        <name>Jerry</name>
        <age>35</age>
        <major>Business</major>
        <gender>Male</gender>
    </Student>
    <Student id="5">
        <StudentID>063451</StudentID>
        <name>Jaxson</name>
        <age>25</age>
        <major>Computer Software Development</major>
        <gender>Male</gender>
    </Student>
</Students>
