<?xml version="1.0" encoding="UTF-8" standalone="no"?>
<Students xmlns="https://www.w3.org/1999/xhtml">
        
    <Student id="M1">
                
        <StudentID>357323</StudentID>
                
        <name>ROB</name>
                
        <age>29</age>
                
        <major>Computer Science</major>
                
    
        <GPA>3.5</GPA>
    </Student>
        
    <Student id="F2">
                
        <StudentID>835533</StudentID>
                
        <name>EMMA</name>
                
        <age>37</age>
                
        <major>English</major>
                
    
        <GPA>3.5</GPA>
    </Student>
        
    <Student id="M3">
                
        <StudentID>233666</StudentID>
                
        <name>SANDY</name>
                
        <age>26</age>
                
        <major>Journalism</major>
                
    
        <GPA>3.5</GPA>
    </Student>
        
    <Student id="M4">
                
        <StudentID>245811</StudentID>
                
        <name>JERRY</name>
                
        <age>35</age>
                
        <major>Business</major>
                
    
        <GPA>3.5</GPA>
    </Student>
        
    <Student id="M5">
                
        <StudentID>063451</StudentID>
                
        <name>JAXSON</name>
                
        <age>25</age>
                
        <major>Computer Software Development</major>
                
    
        <GPA>3.5</GPA>
    </Student>
    
</Students>
